layer,type,score,confidence_pct,entity_count,sig_name_door,sig_name_window,sig_name_match,sig_block_door,sig_block_window,sig_block_samples,sig_entity_door,sig_entity_window,sig_arc_count,sig_insert_count,sig_line_count,sig_ratio_door,sig_ratio_window,arc_ratio,insert_ratio,sig_geo_door,sig_geo_window,geo_arc_analyzed,geo_poly_analyzed
摔怀怀瀀搀怀戀渀,door,50,38.5,566,0,0,,0,0,,30,0,453,16,97,20,0,0.8,0.028,0,0,0,0
词逡さ狍羴,door,50,38.5,7,0,0,,0,0,,30,0,3,0,4,20,0,0.429,0.0,0,0,0,0
0,door,40,30.8,20122,0,0,,30,30,_DDPartial_Draft$0$BS_revolving_Door_07072017$0$A$C3499|A-104_Ground Floor Plan$0$WINDOW 0.7|A-104_Ground Floor Plan$0$doortag,10,0,1286,3036,12863,0,0,0.064,0.151,0,0,0,0
A-104_Ground Floor Plan$0$AR-DOOR,door,40,30.8,0,40,0,DOOR,0,0,,0,0,0,0,0,0,0,0.0,0.0,0,0,0,0
LIFT 8 and 9$0$TKC,window,40,30.8,6,0,0,,0,0,,0,20,0,6,0,0,20,0.0,1.0,0,0,0,0
A-104_Ground Floor Plan$0$HACTH,window,40,30.8,1,0,0,,0,0,,0,20,0,1,0,0,20,0.0,1.0,0,0,0,0
A-104_Ground Floor Plan$0$0-OST,window,40,30.8,1,0,0,,0,0,,0,20,0,1,0,0,20,0.0,1.0,0,0,0,0
词逛さ狍羴,window,40,30.8,8,0,0,,0,0,,0,20,0,8,0,0,20,0.0,1.0,0,0,0,0
20082017_Podium_inner_Facade$0$T_ACHSEN_BEFESTIGUNGSMITTEL,window,40,30.8,2,0,0,,0,0,,0,20,0,2,0,0,20,0.0,1.0,0,0,0,0
20082017_Podium_inner_Facade$0$GLASS_SG,window,40,30.8,4,0,0,,0,0,,0,20,0,4,0,0,20,0.0,1.0,0,0,0,0
Y聂悆,window,40,30.8,1,0,0,,0,0,,0,20,0,1,0,0,20,0.0,1.0,0,0,0,0
8蘺晠鏅,window,40,30.8,4,0,0,,0,0,,0,20,0,4,0,0,20,0.0,1.0,0,0,0,0
蘀頀舀蠀蠀鈀鰀踀,window,40,30.8,171,0,0,,0,0,,0,20,0,171,0,0,20,0.0,1.0,0,0,0,0
A-104_Ground Floor Plan$0$A_A_DOOR,door,38,29.2,0,38,0,A_DOOR,0,0,,0,0,0,0,0,0,0,0.0,0.0,0,0,0,0
A-104_Ground Floor Plan$0$A_A_DOOR_HID,door,38,29.2,0,38,0,A_DOOR,0,0,,0,0,0,0,0,0,0,0.0,0.0,0,0,0,0
摘怀怀瀀搀怀戀渀,window,32,24.6,10,0,0,,0,0,,0,20,0,6,4,0,12,0.0,0.6,0,0,0,0
摒怀怀瀀搀怀戀渀,door,22,16.9,6429,0,0,,0,0,,18,0,967,18,5443,4,0,0.15,0.003,0,0,0,0
摞怀怀瀀搀怀戀渀,uncertain,13,10.0,9,0,0,,0,0,,0,13,0,3,6,0,0,0.0,0.333,0,0,0,0
_Podium_inner_Facade$0$S13_Z,uncertain,13,10.0,12,0,0,,0,0,,0,13,0,4,8,0,0,0.0,0.333,0,0,0,0
耄耊怊耊,door,7,5.4,31,0,0,,0,0,,7,0,1,8,22,0,0,0.032,0.258,0,0,0,0
摐怀怀瀀搀怀戀渀,uncertain,3,2.3,81,0,0,,0,0,,0,3,0,7,74,0,0,0.0,0.086,0,0,0,0
.蘺晠亿,uncertain,2,1.5,132,0,0,,0,0,,0,2,0,8,124,0,0,0.0,0.061,0,0,0,0
A-104_Ground Floor Plan$0$DIM,uncertain,0,0.0,0,0,0,,0,0,,0,0,0,0,0,0,0,0.0,0.0,0,0,0,0
蘀頀舀蠀蠀鈀鰀踀吁,uncertain,0,0.0,1,0,0,,0,0,,0,0,0,0,1,0,0,0.0,0.0,0,0,0,0
鈀鰀踀踀$,uncertain,0,0.0,0,0,0,,0,0,,0,0,0,0,0,0,0,0.0,0.0,0,0,0,0
S蚹晠,uncertain,0,0.0,0,0,0,,0,0,,0,0,0,0,0,0,0,0.0,0.0,0,0,0,0
E蘨晠殸,uncertain,0,0.0,0,0,0,,0,0,,0,0,0,0,0,0,0,0.0,0.0,0,0,0,0
4蘺晠冹,uncertain,0,0.0,0,0,0,,0,0,,0,0,0,0,0,0,0,0.0,0.0,0,0,0,0
蠀蘀蘀娀蠀鈀騀,uncertain,0,0.0,0,0,0,,0,0,,0,0,0,0,0,0,0,0.0,0.0,0,0,0,0
舀娀搀怀戀瀀戀搀怀爀,uncertain,0,0.0,0,0,0,,0,0,,0,0,0,0,0,0,0,0.0,0.0,0,0,0,0
A-104_Ground Floor Plan$0$A-ETS Below,uncertain,0,0.0,0,0,0,,0,0,,0,0,0,0,0,0,0,0.0,0.0,0,0,0,0
LIFT 1 to 6 and 7$0$brace,uncertain,0,0.0,0,0,0,,0,0,,0,0,0,0,0,0,0,0.0,0.0,0,0,0,0
A-104_Ground Floor Plan$0$A-CLOUD dcca,uncertain,0,0.0,0,0,0,,0,0,,0,0,0,0,0,0,0,0.0,0.0,0,0,0,0
LIFT 8 and 9$0$SHCHCENTER1,uncertain,0,0.0,0,0,0,,0,0,,0,0,0,0,0,0,0,0.0,0.0,0,0,0,0
LIFT 1 to 6 and 7$0$YELLOW,uncertain,0,0.0,0,0,0,,0,0,,0,0,0,0,0,0,0,0.0,0.0,0,0,0,0
LIFT 1 to 6 and 7$0$DIMENSIONS,uncertain,0,0.0,0,0,0,,0,0,,0,0,0,0,0,0,0,0.0,0.0,0,0,0,0
LIFT 1 to 6 and 7$0$A-DIM,uncertain,0,0.0,0,0,0,,0,0,,0,0,0,0,0,0,0,0.0,0.0,0,0,0,0
e蘹晠悹,uncertain,0,0.0,0,0,0,,0,0,,0,0,0,0,0,0,0,0.0,0.0,0,0,0,0
狍峂ゅ狍,uncertain,0,0.0,0,0,0,,0,0,,0,0,0,0,0,0,0,0.0,0.0,0,0,0,0
LIFT 1 to 6 and 7$0$core_tower_type2$0$A-TEXT-3,uncertain,0,0.0,0,0,0,,0,0,,0,0,0,0,0,0,0,0.0,0.0,0,0,0,0
x蘹晠憹,uncertain,0,0.0,0,0,0,,0,0,,0,0,0,0,0,0,0,0.0,0.0,0,0,0,0
狍鳃ゅ狍,uncertain,0,0.0,0,0,0,,0,0,,0,0,0,0,0,0,0,0.0,0.0,0,0,0,0
LIFT 8 and 9$0$DRAWCENTER1,uncertain,0,0.0,37,0,0,,0,0,,0,0,0,0,37,0,0,0.0,0.0,0,0,0,0
A-104_Ground Floor Plan$0$NAK_DOOR,uncertain,0,0.0,0,0,0,,0,0,,0,0,0,0,0,0,0,0.0,0.0,0,0,0,0
LIFT 8 and 9$0$DRAWDASH1,uncertain,0,0.0,0,0,0,,0,0,,0,0,0,0,0,0,0,0.0,0.0,0,0,0,0
9蘨晠観,uncertain,0,0.0,0,0,0,,0,0,,0,0,0,0,0,0,0,0.0,0.0,0,0,0,0
a蚹晠,uncertain,0,0.0,0,0,0,,0,0,,0,0,0,0,0,0,0,0.0,0.0,0,0,0,0
1蘪晠観,uncertain,0,0.0,0,0,0,,0,0,,0,0,0,0,0,0,0,0.0,0.0,0,0,0,0
A-104_Ground Floor Plan$0$INTUMESCENT STRIP,uncertain,0,0.0,0,0,0,,0,0,,0,0,0,0,0,0,0,0.0,0.0,0,0,0,0
O蘹晠,uncertain,0,0.0,0,0,0,,0,0,,0,0,0,0,0,0,0,0.0,0.0,0,0,0,0
A-104_Ground Floor Plan$0$A-SHAFT,uncertain,0,0.0,0,0,0,,0,0,,0,0,0,0,0,0,0,0.0,0.0,0,0,0,0
嗌嘁づ狍,uncertain,0,0.0,0,0,0,,0,0,,0,0,0,0,0,0,0,0.0,0.0,0,0,0,0
A-104_Ground Floor Plan$0$A_MEP LOUVERS,uncertain,0,0.0,0,0,0,,0,0,,0,0,0,0,0,0,0,0.0,0.0,0,0,0,0
XR Landscape_DM_BW$0$L-LO-WATER FEAT,uncertain,0,0.0,0,0,0,,0,0,,0,0,0,0,0,0,0,0.0,0.0,0,0,0,0
頀娀頀鸀娀萀言鰀蘀退,uncertain,0,0.0,0,0,0,,0,0,,0,0,0,0,0,0,0,0.0,0.0,0,0,0,0
A蘨晠鶚,uncertain,0,0.0,0,0,0,,0,0,,0,0,0,0,0,0,0,0.0,0.0,0,0,0,0
5蘩晠鶚,uncertain,0,0.0,0,0,0,,0,0,,0,0,0,0,0,0,0,0.0,0.0,0,0,0,0
*蘩晠,uncertain,0,0.0,0,0,0,,0,0,,0,0,0,0,0,0,0,0.0,0.0,0,0,0,0
GRID LINE 1$0$A-TEXT1,uncertain,0,0.0,0,0,0,,0,0,,0,0,0,0,0,0,0,0.0,0.0,0,0,0,0
j蘹晠,uncertain,0,0.0,0,0,0,,0,0,,0,0,0,0,0,0,0,0.0,0.0,0,0,0,0
A-104_Ground Floor Plan$0$TEXT,uncertain,0,0.0,0,0,0,,0,0,,0,0,0,0,0,0,0,0.0,0.0,0,0,0,0
LIFT 8 and 9$0$SHCH,uncertain,0,0.0,0,0,0,,0,0,,0,0,0,0,0,0,0,0.0,0.0,0,0,0,0
TA - HIDE,uncertain,0,0.0,0,0,0,,0,0,,0,0,0,0,0,0,0,0.0,0.0,0,0,0,0
甀爀渀椀琀甀爀攀娀,uncertain,0,0.0,0,0,0,,0,0,,0,0,0,0,0,0,0,0.0,0.0,0,0,0,0
A-104_Ground Floor Plan$0$A-SERVICES,uncertain,0,0.0,0,0,0,,0,0,,0,0,0,0,0,0,0,0.0,0.0,0,0,0,0
舀娀騀鸀萀鈀頀鈀言,uncertain,0,0.0,0,0,0,,0,0,,0,0,0,0,0,0,0,0.0,0.0,0,0,0,0
7蘹晠螳,uncertain,0,0.0,0,0,0,,0,0,,0,0,0,0,0,0,0,0.0,0.0,0,0,0,0
A-104_Ground Floor Plan$0$0.09 PEN,uncertain,0,0.0,0,0,0,,0,0,,0,0,0,0,0,0,0,0.0,0.0,0,0,0,0
N蘺晠袳,uncertain,0,0.0,0,0,0,,0,0,,0,0,0,0,0,0,0,0.0,0.0,0,0,0,0
A-104_Ground Floor Plan$0$HATCH,uncertain,0,0.0,0,0,0,,0,0,,0,0,0,0,0,0,0,0.0,0.0,0,0,0,0
LIFT 8 and 9$0$DRAW,uncertain,0,0.0,0,0,0,,0,0,,0,0,0,0,0,0,0,0.0,0.0,0,0,0,0
A-104_Ground Floor Plan$0$A_OPENINGS,uncertain,0,0.0,0,0,0,,0,0,,0,0,0,0,0,0,0,0.0,0.0,0,0,0,0
狍闅ふ狍,uncertain,0,0.0,0,0,0,,0,0,,0,0,0,0,0,0,0,0.0,0.0,0,0,0,0
H蘺晠鋅,uncertain,0,0.0,1,0,0,,0,0,,0,0,0,0,1,0,0,0.0,0.0,0,0,0,0
词逖さ狍羴,uncertain,0,0.0,0,0,0,,0,0,,0,0,0,0,0,0,0,0.0,0.0,0,0,0,0
20082017_Podium_inner_Facade$0$T_Schraffur_LM-Blech,uncertain,0,0.0,0,0,0,,0,0,,0,0,0,0,0,0,0,0.0,0.0,0,0,0,0
摖怀怀瀀搀怀戀渀,uncertain,0,0.0,0,0,0,,0,0,,0,0,0,0,0,0,0,0.0,0.0,0,0,0,0
摚怀怀瀀搀怀戀渀,uncertain,0,0.0,2,0,0,,0,0,,0,0,0,0,2,0,0,0.0,0.0,0,0,0,0
耄耊怊怌,uncertain,0,0.0,0,0,0,,0,0,,0,0,0,0,0,0,0,0.0,0.0,0,0,0,0
20082017_Podium_inner_Facade$0$T_ACHSEN,uncertain,0,0.0,0,0,0,,0,0,,0,0,0,0,0,0,0,0.0,0.0,0,0,0,0
L聁悆,uncertain,0,0.0,0,0,0,,0,0,,0,0,0,0,0,0,0,0.0,0.0,0,0,0,0
词造さ狍炴,uncertain,0,0.0,0,0,0,,0,0,,0,0,0,0,0,0,0,0.0,0.0,0,0,0,0
20082017_Podium_inner_Facade$0$S07_Isolation_Kontur,uncertain,0,0.0,0,0,0,,0,0,,0,0,0,0,0,0,0,0.0,0.0,0,0,0,0
20082017_Podium_inner_Facade$0$T_Schraffur_LM-Blech-1zu2,uncertain,0,0.0,0,0,0,,0,0,,0,0,0,0,0,0,0,0.0,0.0,0,0,0,0
S蘺晠鋅,uncertain,0,0.0,0,0,0,,0,0,,0,0,0,0,0,0,0,0.0,0.0,0,0,0,0
L-DE-18,uncertain,0,0.0,0,0,0,,0,0,,0,0,0,0,0,0,0,0.0,0.0,0,0,0,0
20082017_Podium_inner_Facade$0$10150-0,uncertain,0,0.0,0,0,0,,0,0,,0,0,0,0,0,0,0,0.0,0.0,0,0,0,0
00_FO OBJECT,uncertain,0,0.0,1,0,0,,0,0,,0,0,0,0,1,0,0,0.0,0.0,0,0,0,0
A_D_100,uncertain,0,0.0,0,0,0,,0,0,,0,0,0,0,0,0,0,0.0,0.0,0,0,0,0
A-GLASS,uncertain,0,0.0,0,0,0,,0,0,,0,0,0,0,0,0,0,0.0,0.0,0,0,0,0
A-CLOUD,uncertain,0,0.0,0,0,0,,0,0,,0,0,0,0,0,0,0,0.0,0.0,0,0,0,0
A-104_Ground Floor Plan$0$A-CLOUD20190408,uncertain,0,0.0,0,0,0,,0,0,,0,0,0,0,0,0,0,0.0,0.0,0,0,0,0
A-104_Ground Floor Plan$0$Light Type W1,uncertain,0,0.0,0,0,0,,0,0,,0,0,0,0,0,0,0,0.0,0.0,0,0,0,0
A-104_Ground Floor Plan$0$TAG LIGHT,uncertain,0,0.0,0,0,0,,0,0,,0,0,0,0,0,0,0,0.0,0.0,0,0,0,0
A蘰晠胕,uncertain,0,0.0,0,0,0,,0,0,,0,0,0,0,0,0,0,0.0,0.0,0,0,0,0
A-104_Ground Floor Plan$0$A-UPPER,uncertain,0,0.0,0,0,0,,0,0,,0,0,0,0,0,0,0,0.0,0.0,0,0,0,0
L-DE-SCR-50,uncertain,0,0.0,0,0,0,,0,0,,0,0,0,0,0,0,0,0.0,0.0,0,0,0,0
L-DE-14,uncertain,0,0.0,1749,0,0,,0,0,,0,0,0,0,1749,0,0,0.0,0.0,0,0,0,0
LIFT 8 and 9$0$A-TEXT-3,uncertain,0,0.0,1,0,0,,0,0,,0,0,0,0,1,0,0,0.0,0.0,0,0,0,0
9蘨晠亿,uncertain,0,0.0,0,0,0,,0,0,,0,0,0,0,0,0,0,0.0,0.0,0,0,0,0
狍集づ狍,uncertain,0,0.0,0,0,0,,0,0,,0,0,0,0,0,0,0,0.0,0.0,0,0,0,0
鸀鰀鈀萀頀言琀,uncertain,0,0.0,1,0,0,,0,0,,0,0,0,0,1,0,0,0.0,0.0,0,0,0,0
GFC STAMP$0$LOGO,uncertain,0,0.0,0,0,0,,0,0,,0,0,0,0,0,0,0,0.0,0.0,0,0,0,0
GFC STAMP$0$A-txt,uncertain,0,0.0,0,0,0,,0,0,,0,0,0,0,0,0,0,0.0,0.0,0,0,0,0
A-104_Ground Floor Plan$0$A-TEXT1,uncertain,0,0.0,0,0,0,,0,0,,0,0,0,0,0,0,0,0.0,0.0,0,0,0,0
A-104_Ground Floor Plan$0$WALL-OST,uncertain,0,0.0,0,0,0,,0,0,,0,0,0,0,0,0,0,0.0,0.0,0,0,0,0
A-104_Ground Floor Plan$0$ID-OST,uncertain,0,0.0,0,0,0,,0,0,,0,0,0,0,0,0,0,0.0,0.0,0,0,0,0
A-104_Ground Floor Plan$0$HH- ELEVATION TAG,uncertain,0,0.0,36,0,0,,0,0,,0,0,0,0,36,0,0,0.0,0.0,0,0,0,0
瘀椀猀椀戀氀攀,uncertain,0,0.0,0,0,0,,0,0,,0,0,0,0,0,0,0,0.0,0.0,0,0,0,0
A-104_Ground Floor Plan$0$ELEV-5,uncertain,0,0.0,11,0,0,,0,0,,0,0,0,0,11,0,0,0.0,0.0,0,0,0,0
0蘩晠亿,uncertain,0,0.0,0,0,0,,0,0,,0,0,0,0,0,0,0,0.0,0.0,0,0,0,0
L-DE-05,uncertain,0,0.0,0,0,0,,0,0,,0,0,0,0,0,0,0,0.0,0.0,0,0,0,0
A-104_Ground Floor Plan$0$A-105_2nd-3rd FLOOR PLAN$0$A_I_FF,uncertain,0,0.0,0,0,0,,0,0,,0,0,0,0,0,0,0,0.0,0.0,0,0,0,0
W聁悆,uncertain,0,0.0,2,0,0,,0,0,,0,0,0,0,2,0,0,0.0,0.0,0,0,0,0
U蘹晠便,uncertain,0,0.0,0,0,0,,0,0,,0,0,0,0,0,0,0,0.0,0.0,0,0,0,0
绍喟ふ狍,uncertain,0,0.0,0,0,0,,0,0,,0,0,0,0,0,0,0,0.0,0.0,0,0,0,0
5蘩晠便,uncertain,0,0.0,0,0,0,,0,0,,0,0,0,0,0,0,0,0.0,0.0,0,0,0,0
簁Ё、吁,uncertain,0,0.0,0,0,0,,0,0,,0,0,0,0,0,0,0,0.0,0.0,0,0,0,0
A_A_BLCKWALL,uncertain,0,0.0,0,0,0,,0,0,,0,0,0,0,0,0,0,0.0,0.0,0,0,0,0
A_E_EXP,uncertain,0,0.0,0,0,0,,0,0,,0,0,0,0,0,0,0,0.0,0.0,0,0,0,0
)蘸晠觅,uncertain,0,0.0,0,0,0,,0,0,,0,0,0,0,0,0,0,0.0,0.0,0,0,0,0
A_FFL HT,uncertain,0,0.0,0,0,0,,0,0,,0,0,0,0,0,0,0,0.0,0.0,0,0,0,0
ACET-LAYISO,uncertain,0,0.0,0,0,0,,0,0,,0,0,0,0,0,0,0,0.0,0.0,0,0,0,0
A蘨摠旈,uncertain,0,0.0,0,0,0,,0,0,,0,0,0,0,0,0,0,0.0,0.0,0,0,0,0
A-104_Ground Floor Plan$0$13072017_DDPartial_Draft$0$BS_revolving_Door_07072017$0$SCHR,uncertain,0,0.0,0,0,0,,0,0,,0,0,0,0,0,0,0,0.0,0.0,0,0,0,0
H蘨慠,uncertain,0,0.0,0,0,0,,0,0,,0,0,0,0,0,0,0,0.0,0.0,0,0,0,0
A-104_Ground Floor Plan$0$A_T_TEXT,uncertain,0,0.0,0,0,0,,0,0,,0,0,0,0,0,0,0,0.0,0.0,0,0,0,0
A-104_Ground Floor Plan$0$A_LANDSCAPE,uncertain,0,0.0,0,0,0,,0,0,,0,0,0,0,0,0,0,0.0,0.0,0,0,0,0
A-104_Ground Floor Plan$0$12-FIXT,uncertain,0,0.0,0,0,0,,0,0,,0,0,0,0,0,0,0,0.0,0.0,0,0,0,0
䀂怄倅,uncertain,0,0.0,0,0,0,,0,0,,0,0,0,0,0,0,0,0.0,0.0,0,0,0,0
U蘩慠,uncertain,0,0.0,0,0,0,,0,0,,0,0,0,0,0,0,0,0.0,0.0,0,0,0,0
ddlhH,uncertain,0,0.0,0,0,0,,0,0,,0,0,0,0,0,0,0,0.0,0.0,0,0,0,0
K蘸慠,uncertain,0,0.0,0,0,0,,0,0,,0,0,0,0,0,0,0,0.0,0.0,0,0,0,0
A-104_Ground Floor Plan$0$X-TAGS1$0$A_D_LTAG,uncertain,0,0.0,0,0,0,,0,0,,0,0,0,0,0,0,0,0.0,0.0,0,0,0,0
l蘹慠,uncertain,0,0.0,0,0,0,,0,0,,0,0,0,0,0,0,0,0.0,0.0,0,0,0,0
A蘸慠,uncertain,0,0.0,0,0,0,,0,0,,0,0,0,0,0,0,0,0.0,0.0,0,0,0,0
A-104_Ground Floor Plan$0$A_RAMP,uncertain,0,0.0,0,0,0,,0,0,,0,0,0,0,0,0,0,0.0,0.0,0,0,0,0
M蘩慠覛,uncertain,0,0.0,0,0,0,,0,0,,0,0,0,0,0,0,0,0.0,0.0,0,0,0,0
A-104_Ground Floor Plan$0$typical floor$0$mtext,uncertain,0,0.0,0,0,0,,0,0,,0,0,0,0,0,0,0,0.0,0.0,0,0,0,0
A-104_Ground Floor Plan$0$A-ARROW,uncertain,0,0.0,0,0,0,,0,0,,0,0,0,0,0,0,0,0.0,0.0,0,0,0,0
A-104_Ground Floor Plan$0$A_KERB LINE,uncertain,0,0.0,0,0,0,,0,0,,0,0,0,0,0,0,0,0.0,0.0,0,0,0,0
h蘨慠,uncertain,0,0.0,0,0,0,,0,0,,0,0,0,0,0,0,0,0.0,0.0,0,0,0,0
A蘺慠,uncertain,0,0.0,0,0,0,,0,0,,0,0,0,0,0,0,0,0.0,0.0,0,0,0,0
A-104_Ground Floor Plan$0$A-TEXT,uncertain,0,0.0,0,0,0,,0,0,,0,0,0,0,0,0,0,0.0,0.0,0,0,0,0
A-104_Ground Floor Plan$0$A-F.EXIT STAIR STEPS,uncertain,0,0.0,0,0,0,,0,0,,0,0,0,0,0,0,0,0.0,0.0,0,0,0,0
6聂悆驡铣聇縜,uncertain,0,0.0,0,0,0,,0,0,,0,0,0,0,0,0,0,0.0,0.0,0,0,0,0
A-104_Ground Floor Plan$0$A-ROOM TAG,uncertain,0,0.0,0,0,0,,0,0,,0,0,0,0,0,0,0,0.0,0.0,0,0,0,0
A-104_Ground Floor Plan$0$A-ROOM-TAG,uncertain,0,0.0,0,0,0,,0,0,,0,0,0,0,0,0,0,0.0,0.0,0,0,0,0
A-104_Ground Floor Plan$0$A-FLOR-EQPM,uncertain,0,0.0,0,0,0,,0,0,,0,0,0,0,0,0,0,0.0,0.0,0,0,0,0
ACET-LAYISOF,uncertain,0,0.0,0,0,0,,0,0,,0,0,0,0,0,0,0,0.0,0.0,0,0,0,0
A-104_Ground Floor Plan$0$A_E_EXP_HID,uncertain,0,0.0,0,0,0,,0,0,,0,0,0,0,0,0,0,0.0,0.0,0,0,0,0
A-104_Ground Floor Plan$0$A_A_GLASSPANEL,uncertain,0,0.0,0,0,0,,0,0,,0,0,0,0,0,0,0,0.0,0.0,0,0,0,0
A_A_BLCKWALL Cut,uncertain,0,0.0,0,0,0,,0,0,,0,0,0,0,0,0,0,0.0,0.0,0,0,0,0
A_T_TEXT,uncertain,0,0.0,0,0,0,,0,0,,0,0,0,0,0,0,0,0.0,0.0,0,0,0,0
A_H_LAY,uncertain,0,0.0,0,0,0,,0,0,,0,0,0,0,0,0,0,0.0,0.0,0,0,0,0
TBLOCK DM$0$X-title block_E_EXP,uncertain,0,0.0,0,0,0,,0,0,,0,0,0,0,0,0,0,0.0,0.0,0,0,0,0
TBLOCK DM$0$X-title block_T_TEXT,uncertain,0,0.0,0,0,0,,0,0,,0,0,0,0,0,0,0,0.0,0.0,0,0,0,0
戀氀漀挀欀开吀,uncertain,0,0.0,0,0,0,,0,0,,0,0,0,0,0,0,0,0.0,0.0,0,0,0,0
TBLOCK DM$0$X-title block_LOGO,uncertain,0,0.0,0,0,0,,0,0,,0,0,0,0,0,0,0,0.0,0.0,0,0,0,0
A-104_Ground Floor Plan$0$A_A_BLCKWALL Cut,uncertain,0,0.0,0,0,0,,0,0,,0,0,0,0,0,0,0,0.0,0.0,0,0,0,0
F蘸慠,uncertain,0,0.0,0,0,0,,0,0,,0,0,0,0,0,0,0,0.0,0.0,0,0,0,0
瀂砃瀃栁耂怃砃,uncertain,0,0.0,0,0,0,,0,0,,0,0,0,0,0,0,0,0.0,0.0,0,0,0,0
B蘨慠,uncertain,0,0.0,0,0,0,,0,0,,0,0,0,0,0,0,0,0.0,0.0,0,0,0,0
A-104_Ground Floor Plan$0$A-DIM,uncertain,0,0.0,0,0,0,,0,0,,0,0,0,0,0,0,0,0.0,0.0,0,0,0,0
A-104_Ground Floor Plan$0$A-LIFT,uncertain,0,0.0,0,0,0,,0,0,,0,0,0,0,0,0,0,0.0,0.0,0,0,0,0
A-104_Ground Floor Plan$0$A_A_LOUVERS,uncertain,0,0.0,0,0,0,,0,0,,0,0,0,0,0,0,0,0.0,0.0,0,0,0,0
A-104_Ground Floor Plan$0$A_F_Line,uncertain,0,0.0,0,0,0,,0,0,,0,0,0,0,0,0,0,0.0,0.0,0,0,0,0
A-104_Ground Floor Plan$0$A_A_STAIR,uncertain,0,0.0,0,0,0,,0,0,,0,0,0,0,0,0,0,0.0,0.0,0,0,0,0
A-104_Ground Floor Plan$0$A_I_FF,uncertain,0,0.0,0,0,0,,0,0,,0,0,0,0,0,0,0,0.0,0.0,0,0,0,0
A-104_Ground Floor Plan$0$A_WHITE FURN,uncertain,0,0.0,0,0,0,,0,0,,0,0,0,0,0,0,0,0.0,0.0,0,0,0,0
A-104_Ground Floor Plan$0$Gl-glass,uncertain,0,0.0,0,0,0,,0,0,,0,0,0,0,0,0,0,0.0,0.0,0,0,0,0
开眀椀瀀攀漀甀琀娀,uncertain,0,0.0,0,0,0,,0,0,,0,0,0,0,0,0,0,0.0,0.0,0,0,0,0
簁、簁,uncertain,0,0.0,0,0,0,,0,0,,0,0,0,0,0,0,0,0.0,0.0,0,0,0,0
m蘹慠,uncertain,0,0.0,0,0,0,,0,0,,0,0,0,0,0,0,0,0.0,0.0,0,0,0,0
D蘨慠,uncertain,0,0.0,0,0,0,,0,0,,0,0,0,0,0,0,0,0.0,0.0,0,0,0,0
B蘺晠,uncertain,0,0.0,0,0,0,,0,0,,0,0,0,0,0,0,0,0.0,0.0,0,0,0,0
XR Landscape_DM_BW$0$L-LO-PV,uncertain,0,0.0,0,0,0,,0,0,,0,0,0,0,0,0,0,0.0,0.0,0,0,0,0
GRID LINE 1$0$A-ELEV. TAG,uncertain,0,0.0,0,0,0,,0,0,,0,0,0,0,0,0,0,0.0,0.0,0,0,0,0
)蘱慠,uncertain,0,0.0,0,0,0,,0,0,,0,0,0,0,0,0,0,0.0,0.0,0,0,0,0
04- GROUND FlOOR COLUMNS$0$A-STRUCT,uncertain,0,0.0,0,0,0,,0,0,,0,0,0,0,0,0,0,0.0,0.0,0,0,0,0
04- GROUND FlOOR COLUMNS$0$A-HATCH,uncertain,0,0.0,0,0,0,,0,0,,0,0,0,0,0,0,0,0.0,0.0,0,0,0,0
A-104_Ground Floor Plan$0$A-FURN,uncertain,0,0.0,0,0,0,,0,0,,0,0,0,0,0,0,0,0.0,0.0,0,0,0,0
A-104_Ground Floor Plan$0$KK-100.BASE,uncertain,0,0.0,0,0,0,,0,0,,0,0,0,0,0,0,0,0.0,0.0,0,0,0,0
U蘺慠,uncertain,0,0.0,0,0,0,,0,0,,0,0,0,0,0,0,0,0.0,0.0,0,0,0,0
A-104_Ground Floor Plan$0$A-FIXT,uncertain,0,0.0,0,0,0,,0,0,,0,0,0,0,0,0,0,0.0,0.0,0,0,0,0
XR Landscape_DM_BW$0$TA - HIDE,uncertain,0,0.0,0,0,0,,0,0,,0,0,0,0,0,0,0,0.0,0.0,0,0,0,0
XR Landscape_DM_BW$0$L-LO-PV SCR,uncertain,0,0.0,0,0,0,,0,0,,0,0,0,0,0,0,0,0.0,0.0,0,0,0,0
愀渀搀猀挀愀瀀攀开,uncertain,0,0.0,0,0,0,,0,0,,0,0,0,0,0,0,0,0.0,0.0,0,0,0,0
A-104_Ground Floor Plan$0$TA - WOODWORK,uncertain,0,0.0,0,0,0,,0,0,,0,0,0,0,0,0,0,0.0,0.0,0,0,0,0
XR Landscape_DM_BW$0$L-LO-HDR,uncertain,0,0.0,0,0,0,,0,0,,0,0,0,0,0,0,0,0.0,0.0,0,0,0,0
XR Landscape_DM_BW$0$L-WATER,uncertain,0,0.0,0,0,0,,0,0,,0,0,0,0,0,0,0,0.0,0.0,0,0,0,0
A-104_Ground Floor Plan$0$AR_SANITARY,uncertain,0,0.0,0,0,0,,0,0,,0,0,0,0,0,0,0,0.0,0.0,0,0,0,0
A-104_Ground Floor Plan$0$A-CUBICLE,uncertain,0,0.0,0,0,0,,0,0,,0,0,0,0,0,0,0,0.0,0.0,0,0,0,0
A-104_Ground Floor Plan$0$A-FLOR-PFIX,uncertain,0,0.0,0,0,0,,0,0,,0,0,0,0,0,0,0,0.0,0.0,0,0,0,0
A-104_Ground Floor Plan$0$A-SANITARY,uncertain,0,0.0,0,0,0,,0,0,,0,0,0,0,0,0,0,0.0,0.0,0,0,0,0
耯耣9耷耺72,uncertain,0,0.0,0,0,0,,0,0,,0,0,0,0,0,0,0,0.0,0.0,0,0,0,0
A-104_Ground Floor Plan$0$S-Locker,uncertain,0,0.0,0,0,0,,0,0,,0,0,0,0,0,0,0,0.0,0.0,0,0,0,0
C蘨晠,uncertain,0,0.0,0,0,0,,0,0,,0,0,0,0,0,0,0,0.0,0.0,0,0,0,0
A-104_Ground Floor Plan$0$03-COUN,uncertain,0,0.0,0,0,0,,0,0,,0,0,0,0,0,0,0,0.0,0.0,0,0,0,0
GRID LINE 1$0$A-SEC. TAG,uncertain,0,0.0,0,0,0,,0,0,,0,0,0,0,0,0,0,0.0,0.0,0,0,0,0
(蘺慠,uncertain,0,0.0,0,0,0,,0,0,,0,0,0,0,0,0,0,0.0,0.0,0,0,0,0
GRID LINE 1$0$A_GRID DIM,uncertain,0,0.0,0,0,0,,0,0,,0,0,0,0,0,0,0,0.0,0.0,0,0,0,0
慔橈$,uncertain,0,0.0,0,0,0,,0,0,,0,0,0,0,0,0,0,0.0,0.0,0,0,0,0
A-104_Ground Floor Plan$0$TA - HARDWARE,uncertain,0,0.0,0,0,0,,0,0,,0,0,0,0,0,0,0,0.0,0.0,0,0,0,0
A-104_Ground Floor Plan$0$TA - HIDE,uncertain,0,0.0,0,0,0,,0,0,,0,0,0,0,0,0,0,0.0,0.0,0,0,0,0
A-104_Ground Floor Plan$0$TA - HACH,uncertain,0,0.0,0,0,0,,0,0,,0,0,0,0,0,0,0,0.0,0.0,0,0,0,0
騀鸀萀鈀頀鈀言,uncertain,0,0.0,0,0,0,,0,0,,0,0,0,0,0,0,0,0.0,0.0,0,0,0,0
A-104_Ground Floor Plan$0$G,uncertain,0,0.0,0,0,0,,0,0,,0,0,0,0,0,0,0,0.0,0.0,0,0,0,0
A-104_Ground Floor Plan$0$TA - WOOD WORK,uncertain,0,0.0,0,0,0,,0,0,,0,0,0,0,0,0,0,0.0,0.0,0,0,0,0
A-104_Ground Floor Plan$0$TA - PLUMBING,uncertain,0,0.0,0,0,0,,0,0,,0,0,0,0,0,0,0,0.0,0.0,0,0,0,0
/蘪慠,uncertain,0,0.0,0,0,0,,0,0,,0,0,0,0,0,0,0,0.0,0.0,0,0,0,0
A-104_Ground Floor Plan$0$A_E_EXP,uncertain,0,0.0,0,0,0,,0,0,,0,0,0,0,0,0,0,0.0,0.0,0,0,0,0
A-104_Ground Floor Plan$0$A-txt,uncertain,0,0.0,0,0,0,,0,0,,0,0,0,0,0,0,0,0.0,0.0,0,0,0,0
A-104_Ground Floor Plan$0$M-FF-PIPE,uncertain,0,0.0,0,0,0,,0,0,,0,0,0,0,0,0,0,0.0,0.0,0,0,0,0
A-104_Ground Floor Plan$0$A-ROAD,uncertain,0,0.0,0,0,0,,0,0,,0,0,0,0,0,0,0,0.0,0.0,0,0,0,0
A-104_Ground Floor Plan$0$A-SITE INFO,uncertain,0,0.0,0,0,0,,0,0,,0,0,0,0,0,0,0,0.0,0.0,0,0,0,0
A-104_Ground Floor Plan$0$A-FINISH,uncertain,0,0.0,0,0,0,,0,0,,0,0,0,0,0,0,0,0.0,0.0,0,0,0,0
A-104_Ground Floor Plan$0$A_GRID DIM,uncertain,0,0.0,0,0,0,,0,0,,0,0,0,0,0,0,0,0.0,0.0,0,0,0,0
A-104_Ground Floor Plan$0$A_TEXT,uncertain,0,0.0,0,0,0,,0,0,,0,0,0,0,0,0,0,0.0,0.0,0,0,0,0
A-104_Ground Floor Plan$0$PREFERRED PARKING,uncertain,0,0.0,0,0,0,,0,0,,0,0,0,0,0,0,0,0.0,0.0,0,0,0,0
m蘨慠,uncertain,0,0.0,0,0,0,,0,0,,0,0,0,0,0,0,0,0.0,0.0,0,0,0,0
氀愀渀搀猀挀愀瀀攀,uncertain,0,0.0,0,0,0,,0,0,,0,0,0,0,0,0,0,0.0,0.0,0,0,0,0
A-104_Ground Floor Plan$0$A-STAIR HANDRAIL,uncertain,0,0.0,0,0,0,,0,0,,0,0,0,0,0,0,0,0.0,0.0,0,0,0,0
GRID LINE 1$0$plot limit A-TEXT1,uncertain,0,0.0,0,0,0,,0,0,,0,0,0,0,0,0,0,0.0,0.0,0,0,0,0
A-104_Ground Floor Plan$0$A-LIFT BUTTON,uncertain,0,0.0,0,0,0,,0,0,,0,0,0,0,0,0,0,0.0,0.0,0,0,0,0
